duration,credit_amount,age,checking_status,credit_history,purpose,savings_status,employment,installment_commitment,personal_status,other_parties,residence_since,property_magnitude,other_payment_plans,housing,existing_credits,job,num_dependents,own_telephone,foreign_worker,class
40.826732142279,7559.42813480724,35.593983857976,>=200,existing paid,domestic appliance,500<=X<1000,<1,1,male div/sep,guarantor,1,real estate,bank,rent,1,unskilled resident,1,none,no,bad
14.0319703323885,1626.87908495851,35.7581797337139,>=200,delayed previously,repairs,>=1000,1<=X<4,3,male single,guarantor,2,real estate,stores,own,3,unskilled resident,2,none,no,good
41.791476866005,7773.02941384436,35.5880719896079,>=200,no credits/all paid,used car,no known savings,>=7,3,male single,none,4,no known property,bank,for free,3,high qualif/self emp/mgmt,2,yes,no,good
21.6886211681755,3322.11552569093,35.7112604702354,>=200,existing paid,radio/tv,500<=X<1000,>=7,3,male div/sep,none,4,car,none,rent,1,skilled,1,yes,yes,good
37.1107375645251,6736.68075388598,35.6167551364916,<0,all paid,domestic appliance,500<=X<1000,<1,1,male div/sep,co applicant,1,life insurance,bank,rent,1,unemp/unskilled non res,1,none,yes,bad
12.9252575050041,1381.84506752116,35.7649615697747,>=200,existing paid,domestic appliance,500<=X<1000,<1,1,female div/dep/mar,guarantor,1,real estate,none,rent,1,skilled,1,none,yes,good
14.0357956092464,1627.72602820623,35.7581562927634,<0,existing paid,domestic appliance,500<=X<1000,<1,1,female div/dep/mar,co applicant,1,life insurance,none,rent,1,skilled,1,none,yes,bad
12.6207240450682,1314.41921387081,35.7668277232602,no checking,critical/other existing credit,other,>=1000,unemployed,1,male single,co applicant,4,real estate,none,for free,3,unemp/unskilled non res,2,yes,no,good
13.0454782033789,1408.46277716813,35.7642248682137,>=200,critical/other existing credit,radio/tv,>=1000,1<=X<4,1,male mar/wid,guarantor,2,real estate,stores,own,3,unskilled resident,2,none,no,good
10.2458486122266,788.60506062042,35.7813807450124,>=200,existing paid,retraining,500<=X<1000,<1,1,male mar/wid,guarantor,1,real estate,stores,own,1,unskilled resident,2,none,no,good
12.3004081507647,1243.49901805477,35.7687905900754,>=200,existing paid,radio/tv,500<=X<1000,1<=X<4,3,male div/sep,guarantor,2,real estate,stores,own,1,unskilled resident,2,none,no,good
16.6615730253362,2209.09164830245,35.7420657663618,0<=X<200,delayed previously,retraining,100<=X<500,4<=X<7,3,male mar/wid,guarantor,3,life insurance,stores,own,4,skilled,1,none,yes,bad
12.6795792098134,1327.45016201527,35.7664670641364,>=200,existing paid,domestic appliance,500<=X<1000,<1,1,male div/sep,guarantor,1,no known property,bank,rent,1,skilled,1,none,yes,bad
41.1565018817107,7632.44147854268,35.5919630588533,0<=X<200,no credits/all paid,other,no known savings,>=7,3,male single,none,4,no known property,bank,for free,3,high qualif/self emp/mgmt,2,yes,yes,bad
17.0805284242723,2301.85132541853,35.739498445588,>=200,all paid,retraining,500<=X<1000,<1,1,male div/sep,guarantor,1,real estate,bank,rent,1,unskilled resident,2,none,no,bad
11.1042208615371,978.654724364159,35.7761207175419,>=200,existing paid,domestic appliance,500<=X<1000,<1,1,male div/sep,guarantor,1,real estate,none,rent,1,skilled,1,none,no,good
41.1433648993228,7629.5328580841,35.5920435610927,<0,all paid,other,<100,unemployed,2,male single,co applicant,4,no known property,bank,for free,3,unemp/unskilled non res,2,yes,yes,bad
11.9901126702017,1174.79741244067,35.770692052702,no checking,critical/other existing credit,domestic appliance,>=1000,unemployed,1,male mar/wid,co applicant,3,car,none,own,2,unemp/unskilled non res,1,yes,yes,good
20.6331297827239,3088.42229638322,35.717728425935,0<=X<200,no credits/all paid,business,100<=X<500,1<=X<4,3,male mar/wid,guarantor,2,life insurance,stores,own,1,unskilled resident,2,none,no,bad
30.3303615576733,5235.4577341606,35.6583046671116,no checking,delayed previously,other,>=1000,>=7,4,male single,none,3,no known property,stores,for free,4,high qualif/self emp/mgmt,2,yes,yes,good
12.2269020581377,1227.22425125271,35.7692410287595,>=200,existing paid,radio/tv,500<=X<1000,1<=X<4,3,male mar/wid,guarantor,2,real estate,stores,own,1,unskilled resident,1,none,no,good
19.9854241424564,2945.01570415399,35.7216975074883,no checking,existing paid,used car,no known savings,>=7,3,male single,none,2,car,none,for free,4,skilled,1,yes,yes,good
8.14161360831824,322.712605159694,35.7942753067061,>=200,all paid,repairs,>=1000,1<=X<4,3,male single,guarantor,2,real estate,stores,own,3,unskilled resident,2,none,no,good
23.8931664183944,3810.21737643056,35.6977512164293,<0,all paid,other,<100,unemployed,2,male single,co applicant,4,no known property,bank,for free,3,unemp/unskilled non res,2,yes,yes,bad
14.2669227671052,1678.89920938537,35.7567399664546,no checking,critical/other existing credit,used car,no known savings,>=7,3,male single,none,4,real estate,none,own,2,high qualif/self emp/mgmt,2,yes,yes,good
25.4478210260414,4154.42886003608,35.6882244336729,0<=X<200,no credits/all paid,other,100<=X<500,>=7,3,male single,none,4,no known property,bank,for free,4,high qualif/self emp/mgmt,2,yes,yes,bad
26.7849865084605,4450.48671897504,35.6800304045955,no checking,existing paid,domestic appliance,500<=X<1000,>=7,3,male div/sep,none,1,car,none,rent,1,skilled,1,yes,yes,good
9.92086130093514,716.650580170306,35.7833722378482,<0,delayed previously,other,no known savings,unemployed,2,male single,co applicant,4,no known property,bank,for free,3,unemp/unskilled non res,2,yes,yes,bad
37.7712560922961,6882.92420968296,35.6127075387231,0<=X<200,delayed previously,repairs,>=1000,unemployed,1,male mar/wid,guarantor,3,real estate,stores,own,3,unemp/unskilled non res,2,none,no,bad
27.0408114287088,4507.12815875776,35.6784627326336,<0,existing paid,domestic appliance,500<=X<1000,<1,1,female div/dep/mar,guarantor,1,life insurance,none,rent,1,skilled,1,none,yes,bad
13.516490507355,1512.74821983213,35.7613385474364,>=200,existing paid,radio/tv,500<=X<1000,>=7,1,male div/sep,guarantor,1,real estate,none,for free,3,unskilled resident,2,none,no,good
23.5613101955125,3736.74207055873,35.6997848013338,<0,critical/other existing credit,other,no known savings,unemployed,1,female div/dep/mar,co applicant,4,no known property,none,for free,3,unemp/unskilled non res,1,yes,yes,good
66.2745197603346,13193.7476083441,35.4380421181993,0<=X<200,all paid,other,100<=X<500,unemployed,2,male div/sep,co applicant,4,no known property,bank,for free,1,high qualif/self emp/mgmt,2,yes,yes,bad
13.8033658511754,1576.2644421625,35.7595806012885,no checking,critical/other existing credit,retraining,>=1000,4<=X<7,3,male mar/wid,none,3,car,stores,own,4,skilled,1,yes,yes,good
26.6279314682613,4415.71362652817,35.6809928236701,no checking,existing paid,domestic appliance,500<=X<1000,<1,4,male div/sep,none,1,car,none,rent,1,skilled,1,yes,yes,bad
12.1775038154611,1216.28713228392,35.7695437367206,0<=X<200,delayed previously,retraining,100<=X<500,4<=X<7,4,male mar/wid,co applicant,3,car,stores,own,4,high qualif/self emp/mgmt,1,yes,yes,bad
14.8945881234713,1817.86874156305,35.7528936899476,no checking,existing paid,domestic appliance,500<=X<1000,>=7,4,male div/sep,none,4,car,none,rent,4,high qualif/self emp/mgmt,1,yes,yes,good
26.9133618877345,4478.90993242772,35.6792437318879,0<=X<200,all paid,other,100<=X<500,unemployed,2,male single,co applicant,4,no known property,bank,for free,3,high qualif/self emp/mgmt,2,yes,yes,bad
32.7947038522757,5781.08048095243,35.6432034005264,>=200,existing paid,domestic appliance,500<=X<1000,<1,1,male div/sep,guarantor,1,real estate,none,rent,1,unskilled resident,1,none,no,good
9.62905270213469,652.0421004296,35.7851604145361,0<=X<200,delayed previously,business,100<=X<500,4<=X<7,3,male single,none,3,life insurance,stores,own,4,unskilled resident,2,yes,no,bad
18.0214613414264,2510.18050271219,35.7337324938158,>=200,existing paid,domestic appliance,500<=X<1000,<1,1,male mar/wid,guarantor,1,real estate,none,rent,1,skilled,1,none,yes,good
10.0173775833704,738.019965116471,35.7827807948031,>=200,critical/other existing credit,other,no known savings,>=7,3,male single,co applicant,4,no known property,bank,for free,3,high qualif/self emp/mgmt,2,yes,yes,good
16.715622777157,2221.05864416844,35.7417345543736,<0,all paid,domestic appliance,500<=X<1000,<1,1,female div/dep/mar,co applicant,1,life insurance,bank,rent,1,skilled,1,none,yes,bad
10.9116071153791,936.008683885622,35.7773010371489,>=200,existing paid,retraining,500<=X<1000,<1,1,male mar/wid,guarantor,1,real estate,none,own,1,unskilled resident,1,none,no,good
13.5478291896864,1519.68682490008,35.7611465068269,no checking,critical/other existing credit,other,>=1000,unemployed,4,male single,co applicant,3,no known property,stores,for free,4,unemp/unskilled non res,1,yes,yes,good
17.2645308449123,2342.59075775543,35.7383708954045,<0,all paid,repairs,<100,unemployed,1,female div/dep/mar,co applicant,1,real estate,none,rent,3,unemp/unskilled non res,1,none,no,bad
56.2979221428414,10984.8586047279,35.4991778056262,no checking,existing paid,domestic appliance,500<=X<1000,4<=X<7,3,male mar/wid,none,2,car,none,own,4,skilled,1,yes,yes,good
17.0046075892116,2285.04191762834,35.7399636815953,no checking,critical/other existing credit,repairs,>=1000,>=7,3,male single,guarantor,2,real estate,stores,own,3,unemp/unskilled non res,2,yes,no,good
7.97129320009604,285.002466770051,35.7953190147555,>=200,critical/other existing credit,repairs,<100,unemployed,1,female div/dep/mar,guarantor,1,real estate,none,own,3,unemp/unskilled non res,2,none,no,good
17.9465287860941,2493.58990701689,35.7341916737343,0<=X<200,all paid,domestic appliance,500<=X<1000,<1,1,male div/sep,guarantor,1,life insurance,bank,rent,1,skilled,1,none,yes,bad
19.0507194804122,2738.06550642345,35.7274252930767,no checking,critical/other existing credit,domestic appliance,500<=X<1000,<1,1,female div/dep/mar,co applicant,1,car,none,rent,4,unemp/unskilled non res,1,yes,yes,good
33.496605004482,5936.48634136477,35.63890221378,no checking,critical/other existing credit,retraining,>=1000,4<=X<7,1,male mar/wid,guarantor,3,real estate,stores,own,2,unemp/unskilled non res,2,none,no,good
32.8814870771076,5800.29489837,35.6426716007775,<0,critical/other existing credit,used car,no known savings,>=7,4,male div/sep,co applicant,4,no known property,none,for free,4,high qualif/self emp/mgmt,1,yes,yes,good
31.0728752718348,5399.85550192962,35.6537546102606,0<=X<200,delayed previously,other,100<=X<500,4<=X<7,2,male mar/wid,none,3,car,stores,for free,4,high qualif/self emp/mgmt,1,yes,yes,bad
10.0780671679741,751.45706674218,35.7824088945204,0<=X<200,all paid,retraining,100<=X<500,<1,1,male mar/wid,guarantor,3,life insurance,stores,rent,1,unskilled resident,1,none,no,bad
21.8273410560742,3352.82908623636,35.710410407315,no checking,critical/other existing credit,used car,no known savings,>=7,3,male single,none,2,no known property,stores,for free,3,high qualif/self emp/mgmt,2,yes,no,good
13.6914828761447,1551.49276320817,35.7602662100353,no checking,critical/other existing credit,domestic appliance,500<=X<1000,4<=X<7,4,male mar/wid,co applicant,3,car,stores,own,4,skilled,1,yes,yes,good
24.7310659956644,3995.73424634231,35.6926166436406,<0,all paid,other,100<=X<500,unemployed,2,male single,co applicant,4,no known property,bank,for free,3,high qualif/self emp/mgmt,2,yes,yes,bad
14.9057414898993,1820.33817547235,35.7528253431274,<0,all paid,domestic appliance,<100,unemployed,1,female div/dep/mar,co applicant,1,life insurance,none,rent,1,unemp/unskilled non res,1,none,yes,bad
35.1877876825209,6310.92610167705,35.6285387993626,<0,all paid,other,100<=X<500,unemployed,2,female div/dep/mar,co applicant,4,no known property,bank,for free,3,unemp/unskilled non res,1,yes,yes,bad
7.05251256843832,81.5779615614097,35.8009492193267,no checking,critical/other existing credit,used car,no known savings,>=7,4,male mar/wid,co applicant,4,car,none,own,4,high qualif/self emp/mgmt,1,yes,yes,good
31.4220031922613,5477.15488332726,35.6516151859565,0<=X<200,delayed previously,other,100<=X<500,4<=X<7,2,male mar/wid,none,3,life insurance,stores,own,4,high qualif/self emp/mgmt,2,yes,yes,bad
23.8251708263824,3795.16267328945,35.6981678872643,no checking,critical/other existing credit,used car,no known savings,>=7,3,male mar/wid,none,2,car,none,own,2,skilled,1,yes,yes,good
14.3383362224014,1694.71065153851,35.7563023512626,0<=X<200,no credits/all paid,other,100<=X<500,>=7,2,male single,none,4,no known property,bank,for free,4,high qualif/self emp/mgmt,2,yes,yes,bad
19.6763919899975,2876.59380828306,35.7235912285545,0<=X<200,all paid,domestic appliance,100<=X<500,4<=X<7,4,male mar/wid,co applicant,3,car,stores,rent,4,high qualif/self emp/mgmt,1,yes,yes,bad
11.2370054607641,1008.05417018002,35.7753070255334,0<=X<200,delayed previously,other,100<=X<500,unemployed,4,male mar/wid,co applicant,3,car,stores,for free,4,high qualif/self emp/mgmt,1,yes,yes,bad
21.5744717441901,3296.84203896954,35.7119599675763,>=200,no credits/all paid,used car,no known savings,>=7,3,male single,none,4,no known property,bank,for free,4,high qualif/self emp/mgmt,2,yes,yes,good
9.9029413468275,712.682976074068,35.7834820497054,no checking,critical/other existing credit,used car,>=1000,>=7,3,male mar/wid,none,3,car,stores,own,4,high qualif/self emp/mgmt,1,yes,yes,good
12.0081803742088,1178.79772940564,35.7705813354467,>=200,all paid,retraining,500<=X<1000,<1,1,male mar/wid,guarantor,1,real estate,stores,own,1,unskilled resident,2,none,no,bad
28.4287637906036,4814.43059063661,35.6699574861544,no checking,delayed previously,other,>=1000,4<=X<7,3,male mar/wid,none,3,car,stores,own,4,high qualif/self emp/mgmt,2,yes,yes,good
13.6879469452052,1550.7098831854,35.7602878779002,no checking,critical/other existing credit,other,no known savings,unemployed,1,male single,co applicant,4,no known property,none,for free,3,unemp/unskilled non res,2,yes,no,good
29.9735003084209,5156.44613927498,35.660491480555,>=200,existing paid,used car,no known savings,>=7,3,male div/sep,none,4,real estate,none,for free,1,skilled,1,yes,no,good
22.5540520689814,3513.72802460819,35.7059571879873,0<=X<200,no credits/all paid,other,no known savings,>=7,3,male single,none,4,no known property,bank,for free,4,high qualif/self emp/mgmt,2,yes,yes,good
28.8409475351384,4905.69097575788,35.667431661466,no checking,critical/other existing credit,used car,no known savings,>=7,3,male mar/wid,none,4,car,none,own,4,high qualif/self emp/mgmt,1,yes,yes,good
19.3667974330258,2808.04739209051,35.7254883959847,0<=X<200,no credits/all paid,education,100<=X<500,4<=X<7,2,male single,none,3,life insurance,stores,for free,4,high qualif/self emp/mgmt,2,yes,yes,bad
30.2210186337712,5211.24844042233,35.658974710655,>=200,existing paid,radio/tv,500<=X<1000,1<=X<4,3,male div/sep,guarantor,2,real estate,none,own,1,unskilled resident,2,none,no,good
11.3304066207538,1028.73384506882,35.7747346716768,no checking,existing paid,domestic appliance,500<=X<1000,>=7,3,male div/sep,none,4,car,none,rent,1,skilled,1,yes,yes,good
10.7854618053555,908.079223477158,35.778074044194,>=200,existing paid,domestic appliance,500<=X<1000,<1,1,male div/sep,guarantor,1,real estate,none,rent,1,unskilled resident,2,none,no,bad
12.0934129147995,1197.6688144067,35.7700590381506,<0,existing paid,domestic appliance,500<=X<1000,<1,3,male div/sep,none,4,no known property,bank,for free,1,high qualif/self emp/mgmt,1,yes,yes,bad
10.9576141000753,946.194954444117,35.7770191105098,>=200,existing paid,radio/tv,no known savings,1<=X<4,3,male mar/wid,guarantor,2,real estate,stores,own,2,unskilled resident,2,none,no,good
21.37606014128,3252.91231215672,35.7131758159249,no checking,existing paid,used car,no known savings,>=7,3,male single,none,2,car,stores,for free,4,high qualif/self emp/mgmt,1,yes,yes,good
27.272944240779,4558.52399886472,35.6770402437667,no checking,delayed previously,repairs,>=1000,4<=X<7,2,male mar/wid,guarantor,3,life insurance,stores,own,2,unemp/unskilled non res,2,yes,no,good
11.2240294386594,1005.18118746219,35.7753865414227,no checking,existing paid,retraining,500<=X<1000,4<=X<7,3,male mar/wid,guarantor,3,car,stores,own,1,skilled,1,none,yes,good
22.4981856308279,3501.35880158852,35.706299532465,>=200,all paid,education,500<=X<1000,<1,1,male div/sep,co applicant,4,no known property,bank,for free,1,high qualif/self emp/mgmt,2,none,no,bad
13.4531310397856,1498.71998730688,35.7617268085203,>=200,existing paid,used car,no known savings,>=7,3,male single,none,4,no known property,bank,for free,3,high qualif/self emp/mgmt,2,yes,no,good
14.1790141896681,1659.43563097224,35.7572786622623,>=200,existing paid,radio/tv,500<=X<1000,>=7,3,male div/sep,none,2,car,bank,own,1,skilled,1,yes,no,good
39.2452460475285,7209.27597091312,35.6036750616574,<0,all paid,other,<100,unemployed,1,female div/dep/mar,co applicant,1,no known property,none,rent,3,unemp/unskilled non res,2,none,no,bad
20.0088377662757,2950.19964543056,35.7215540309202,0<=X<200,all paid,education,100<=X<500,1<=X<4,2,male div/sep,none,3,life insurance,stores,rent,1,skilled,2,none,yes,bad
9.89376508343582,710.651286706881,35.7835382810171,>=200,delayed previously,radio/tv,no known savings,1<=X<4,3,male single,guarantor,2,real estate,stores,own,1,unskilled resident,2,none,no,good
37.7812927933605,6885.14640601318,35.6126460347272,0<=X<200,all paid,other,no known savings,>=7,2,male single,none,4,no known property,bank,for free,3,high qualif/self emp/mgmt,2,yes,yes,bad
18.2190201067463,2553.92140527379,35.7325218715789,no checking,existing paid,radio/tv,no known savings,4<=X<7,3,male mar/wid,guarantor,2,car,stores,own,4,skilled,1,yes,no,good
10.9087788054911,935.382476149271,35.777318368776,>=200,critical/other existing credit,repairs,no known savings,unemployed,1,male single,co applicant,4,real estate,none,for free,3,unemp/unskilled non res,2,yes,no,good
19.7217011280427,2886.62557067626,35.7233135782566,>=200,existing paid,radio/tv,500<=X<1000,<1,1,male div/sep,guarantor,1,real estate,bank,rent,1,unskilled resident,2,none,no,good
7.83525694912621,254.883082348497,35.7961526325917,no checking,critical/other existing credit,repairs,>=1000,unemployed,4,male mar/wid,co applicant,3,real estate,stores,own,3,unemp/unskilled non res,2,yes,no,good
12.4638218214903,1279.67995610056,35.7677892058884,no checking,existing paid,retraining,500<=X<1000,4<=X<7,3,male mar/wid,none,3,car,stores,own,4,skilled,1,yes,yes,good
50.1237874638706,9617.86168632852,35.5370123442472,>=200,existing paid,new car,>=1000,1<=X<4,1,male mar/wid,guarantor,2,real estate,stores,own,3,unskilled resident,2,none,no,good
21.4061278954247,3259.56952476969,35.7129915634483,no checking,critical/other existing credit,repairs,>=1000,1<=X<4,3,male mar/wid,guarantor,2,real estate,stores,own,3,unskilled resident,2,none,no,good
19.4909737836751,2835.540911021,35.7247274545445,no checking,existing paid,domestic appliance,500<=X<1000,>=7,4,female div/dep/mar,co applicant,4,car,none,rent,4,skilled,1,yes,yes,good
18.9005666545676,2704.82061286489,35.7283454160063,no checking,existing paid,domestic appliance,500<=X<1000,<1,1,female div/dep/mar,co applicant,1,car,none,rent,1,skilled,1,yes,yes,good
11.133997639025,985.247512695197,35.7759382481439,>=200,critical/other existing credit,repairs,no known savings,1<=X<4,1,male single,guarantor,2,real estate,none,own,3,unemp/unskilled non res,2,none,no,good
35.5771283514113,6397.12886890751,35.6261529549747,no checking,critical/other existing credit,used car,no known savings,>=7,3,male single,none,2,real estate,stores,own,3,high qualif/self emp/mgmt,2,yes,no,good
30.583062124655,5291.40742011715,35.6567561409038,>=200,all paid,education,<100,<1,1,male div/sep,co applicant,1,no known property,bank,for free,3,unemp/unskilled non res,2,none,no,bad
17.6342598230144,2424.45135846926,35.7361052296832,no checking,critical/other existing credit,radio/tv,no known savings,>=7,3,male mar/wid,none,2,car,stores,own,4,skilled,1,yes,yes,good
34.2800667806219,6109.9502985594,35.6341012309106,0<=X<200,delayed previously,retraining,100<=X<500,4<=X<7,4,male mar/wid,guarantor,3,car,stores,own,4,skilled,1,none,yes,bad
12.1489970635376,1209.97553656092,35.7697184235169,>=200,existing paid,domestic appliance,500<=X<1000,>=7,1,male div/sep,none,4,no known property,bank,for free,1,skilled,1,yes,yes,good
19.6577767225997,2872.47225692547,35.7237053012287,no checking,existing paid,used car,500<=X<1000,>=7,3,male div/sep,none,4,car,stores,for free,4,high qualif/self emp/mgmt,1,yes,yes,good
15.5627420047932,1965.80271843183,35.7487993034235,>=200,no credits/all paid,education,no known savings,1<=X<4,3,male single,guarantor,2,real estate,bank,for free,1,unskilled resident,2,none,no,good
14.1863422792382,1661.05812163383,35.7572337563926,no checking,critical/other existing credit,used car,no known savings,>=7,3,male mar/wid,none,4,car,none,for free,4,high qualif/self emp/mgmt,1,yes,yes,good
24.0954032981624,3854.9940464911,35.6965119271303,0<=X<200,delayed previously,retraining,100<=X<500,4<=X<7,4,male mar/wid,none,3,car,stores,own,4,skilled,1,yes,yes,bad
51.0562189795,9824.30859342714,35.5312984882943,>=200,existing paid,domestic appliance,500<=X<1000,<1,1,female div/dep/mar,guarantor,1,real estate,none,rent,3,unemp/unskilled non res,1,none,no,bad
38.187971104002,6975.18784928138,35.6101539468395,0<=X<200,delayed previously,business,100<=X<500,4<=X<7,3,male single,none,3,life insurance,stores,own,4,unskilled resident,2,yes,no,good
11.765177572285,1124.99519695949,35.7720704346278,no checking,critical/other existing credit,domestic appliance,500<=X<1000,<1,1,male mar/wid,guarantor,1,real estate,none,own,2,skilled,1,none,yes,good
11.8037123380314,1133.52706559624,35.7718342970703,>=200,existing paid,radio/tv,no known savings,1<=X<4,3,male single,guarantor,2,real estate,stores,own,1,unskilled resident,2,none,no,good
42.5886114237416,7949.52062121745,35.58318722117,<0,all paid,domestic appliance,500<=X<1000,unemployed,4,female div/dep/mar,co applicant,4,no known property,bank,rent,4,high qualif/self emp/mgmt,1,yes,yes,bad
19.9488729926699,2936.92302206651,35.7219214896267,>=200,existing paid,domestic appliance,500<=X<1000,<1,1,male div/sep,co applicant,1,car,none,rent,1,skilled,1,none,yes,good
7.80011289778063,247.101941769705,35.7963679921581,<0,critical/other existing credit,repairs,<100,unemployed,1,female div/dep/mar,co applicant,1,real estate,none,rent,3,unemp/unskilled non res,1,none,no,bad
29.2446680630977,4995.07754510089,35.664957698603,no checking,existing paid,radio/tv,500<=X<1000,>=7,3,male div/sep,none,2,car,stores,own,1,skilled,1,yes,yes,good
8.51019985933236,404.320198045029,35.7920166435129,>=200,existing paid,domestic appliance,500<=X<1000,<1,1,male div/sep,guarantor,1,real estate,bank,rent,1,unskilled resident,1,none,no,bad
10.9339035302552,940.945267230782,35.7771644067362,>=200,all paid,new car,100<=X<500,<1,1,male single,guarantor,1,real estate,bank,own,3,unskilled resident,2,none,no,bad
10.9375754469125,941.758255449554,35.7771419055631,no checking,delayed previously,retraining,>=1000,4<=X<7,3,male mar/wid,none,3,car,stores,own,2,skilled,2,yes,yes,good
19.7315757816649,2888.81188856107,35.7232530672727,<0,all paid,domestic appliance,500<=X<1000,<1,1,female div/dep/mar,co applicant,1,life insurance,none,rent,1,skilled,1,none,yes,bad
18.3718315949544,2587.75494541148,35.7315854566069,>=200,existing paid,retraining,500<=X<1000,1<=X<4,3,male mar/wid,guarantor,2,car,stores,own,1,skilled,1,none,no,good
15.0036534656367,1842.0165767491,35.7522253474,>=200,critical/other existing credit,repairs,>=1000,unemployed,1,male single,guarantor,1,real estate,none,own,3,unemp/unskilled non res,2,none,no,good
22.3969774799814,3478.95060391907,35.7069197268552,no checking,critical/other existing credit,used car,no known savings,>=7,4,male div/sep,none,4,no known property,none,for free,4,high qualif/self emp/mgmt,1,yes,yes,good
24.66464859582,3981.0289660664,35.6930236434568,0<=X<200,all paid,other,100<=X<500,unemployed,2,male single,co applicant,4,no known property,bank,for free,3,high qualif/self emp/mgmt,2,yes,yes,bad
13.759786275717,1566.61561711183,35.7598476529835,<0,existing paid,domestic appliance,500<=X<1000,<1,1,female div/dep/mar,co applicant,1,life insurance,none,rent,1,skilled,1,none,yes,bad
24.7816263296934,4006.92866052414,35.6923068144888,>=200,existing paid,domestic appliance,500<=X<1000,<1,1,male div/sep,guarantor,1,life insurance,none,rent,1,skilled,1,none,yes,bad
11.7919945773093,1130.93267081371,35.7719061024477,>=200,existing paid,domestic appliance,500<=X<1000,<1,1,male div/sep,guarantor,1,real estate,bank,rent,1,unskilled resident,1,none,no,bad
28.3483274321163,4796.62141414522,35.6704503928806,<0,all paid,other,<100,unemployed,2,male single,co applicant,4,no known property,bank,for free,3,high qualif/self emp/mgmt,1,yes,yes,bad
14.1135396435633,1644.93910515727,35.7576798843561,no checking,critical/other existing credit,radio/tv,500<=X<1000,<1,1,male mar/wid,guarantor,1,real estate,none,own,2,unskilled resident,1,none,no,good
23.8699164727558,3805.06967465638,35.6978936899923,<0,critical/other existing credit,domestic appliance,<100,unemployed,1,female div/dep/mar,co applicant,1,no known property,none,for free,3,unemp/unskilled non res,1,none,yes,bad
10.2830965215053,796.852010168539,35.7811524931948,no checking,delayed previously,repairs,>=1000,1<=X<4,3,male single,guarantor,3,real estate,stores,own,2,unskilled resident,2,none,no,good
9.95064115536332,723.244049757608,35.783189749595,>=200,existing paid,used car,no known savings,>=7,3,male div/sep,none,4,no known property,bank,for free,1,high qualif/self emp/mgmt,2,yes,yes,good
15.0586905945636,1854.20218486303,35.7518880848542,>=200,no credits/all paid,used car,no known savings,>=7,3,male single,none,4,no known property,bank,for free,1,high qualif/self emp/mgmt,2,yes,yes,bad
12.8233688819894,1359.28620851936,35.7655859340367,no checking,delayed previously,used car,no known savings,>=7,3,male mar/wid,none,3,car,stores,own,4,high qualif/self emp/mgmt,1,yes,yes,good
21.0640718368773,3183.83590341757,35.7150876520227,no checking,critical/other existing credit,used car,>=1000,4<=X<7,4,male mar/wid,none,3,car,stores,own,4,high qualif/self emp/mgmt,1,yes,yes,good
20.6287497014356,3087.4525155257,35.7177552666768,<0,existing paid,domestic appliance,500<=X<1000,<1,1,female div/dep/mar,co applicant,1,real estate,none,rent,1,unemp/unskilled non res,1,none,yes,bad
29.1049691262915,4964.14721622936,35.6658137610465,>=200,all paid,education,500<=X<1000,<1,3,male div/sep,guarantor,1,no known property,bank,for free,1,unskilled resident,2,none,no,bad
28.2958468261786,4785.00183823334,35.6707719892849,>=200,existing paid,radio/tv,no known savings,1<=X<4,3,male div/sep,guarantor,2,real estate,none,own,1,unskilled resident,2,none,no,good
66.6428253526718,13275.293061421,35.4357851748571,0<=X<200,all paid,other,100<=X<500,unemployed,2,male single,co applicant,4,no known property,bank,for free,4,high qualif/self emp/mgmt,2,yes,yes,bad
8.75148793979144,457.743079077657,35.7905380519898,>=200,critical/other existing credit,used car,no known savings,>=7,3,male single,none,4,no known property,bank,for free,4,high qualif/self emp/mgmt,2,yes,yes,good
18.3270971691833,2577.85042836495,35.73185958512,no checking,existing paid,used car,500<=X<1000,>=7,4,male div/sep,none,4,car,none,rent,4,high qualif/self emp/mgmt,1,yes,yes,good
41.6326987761426,7737.87482606212,35.5890449673749,<0,all paid,other,<100,unemployed,2,female div/dep/mar,co applicant,4,no known property,bank,for free,3,high qualif/self emp/mgmt,1,yes,yes,bad
17.2752726336673,2344.96906546813,35.7383050706951,no checking,existing paid,domestic appliance,500<=X<1000,<1,1,male div/sep,none,1,car,none,rent,1,skilled,1,none,yes,good
14.9334051786331,1826.46311106527,35.7526558225461,>=200,existing paid,domestic appliance,500<=X<1000,<1,1,male div/sep,guarantor,1,real estate,none,rent,1,skilled,1,none,yes,good
16.1229557120182,2089.83798025242,35.7453663645188,0<=X<200,no credits/all paid,business,100<=X<500,4<=X<7,3,male single,none,2,car,stores,for free,4,high qualif/self emp/mgmt,2,yes,yes,bad
11.6164627887908,1092.0686961092,35.772981745364,>=200,existing paid,domestic appliance,500<=X<1000,<1,1,female div/dep/mar,guarantor,1,real estate,none,rent,1,unemp/unskilled non res,1,none,no,bad
28.6699281931062,4867.82608849829,35.6684796525186,0<=X<200,all paid,other,no known savings,>=7,2,male single,none,4,no known property,bank,for free,3,high qualif/self emp/mgmt,2,yes,yes,bad
18.8650037845094,2696.9467428723,35.728563342056,no checking,delayed previously,business,>=1000,>=7,3,male single,none,2,no known property,stores,for free,4,high qualif/self emp/mgmt,2,yes,no,good
22.6793689724008,3541.47406995786,35.705189257343,no checking,existing paid,used car,500<=X<1000,>=7,3,male div/sep,none,4,car,none,for free,4,skilled,1,yes,yes,good
11.4879069004328,1063.60551667352,35.773769524215,>=200,critical/other existing credit,repairs,>=1000,unemployed,1,male single,guarantor,1,real estate,none,own,3,unemp/unskilled non res,2,none,no,good
19.8360033686492,2911.93289207427,35.7226131444692,no checking,existing paid,domestic appliance,500<=X<1000,>=7,4,male div/sep,none,4,car,none,rent,4,high qualif/self emp/mgmt,1,yes,yes,good
36.2227029848623,6540.06364121335,35.6221969320383,no checking,critical/other existing credit,used car,>=1000,>=7,4,male single,none,3,car,stores,for free,4,high qualif/self emp/mgmt,1,yes,yes,good
18.0873530755053,2524.76939688397,35.7333287152319,no checking,existing paid,retraining,500<=X<1000,4<=X<7,4,male mar/wid,guarantor,3,car,stores,own,4,skilled,1,none,yes,good
11.4691295855928,1059.44808687052,35.7738845899012,no checking,delayed previously,repairs,>=1000,unemployed,2,male single,guarantor,3,real estate,stores,own,3,unemp/unskilled non res,2,none,no,good
18.6654852906361,2652.77194260152,35.7297859733322,0<=X<200,existing paid,domestic appliance,500<=X<1000,4<=X<7,4,male mar/wid,co applicant,3,car,stores,rent,4,skilled,1,yes,yes,bad
40.9416963934117,7584.88203000001,35.5932793674481,0<=X<200,all paid,other,100<=X<500,unemployed,2,male single,co applicant,3,no known property,stores,for free,4,unemp/unskilled non res,2,yes,yes,bad
10.5678556996313,859.899698504522,35.7794075147189,<0,critical/other existing credit,other,<100,unemployed,1,male single,co applicant,4,no known property,none,for free,3,unemp/unskilled non res,2,yes,yes,bad
12.7281251584793,1338.19857708517,35.7661695789558,>=200,existing paid,retraining,500<=X<1000,<1,3,male mar/wid,guarantor,1,car,stores,rent,1,skilled,1,none,no,good
13.018950544273,1402.58936653885,35.7643874273082,<0,all paid,domestic appliance,<100,unemployed,1,female div/dep/mar,co applicant,1,life insurance,none,rent,1,unemp/unskilled non res,1,none,yes,bad
19.3010442180255,2793.48916701867,35.7258913257363,0<=X<200,delayed previously,other,100<=X<500,unemployed,2,male single,co applicant,3,life insurance,stores,for free,4,high qualif/self emp/mgmt,2,yes,yes,bad
25.5094876697712,4168.08228943627,35.6878465460603,<0,all paid,domestic appliance,500<=X<1000,<1,1,female div/dep/mar,co applicant,1,life insurance,none,rent,1,unemp/unskilled non res,1,none,yes,bad
12.6606617451564,1323.26170205534,35.766582988648,>=200,existing paid,retraining,500<=X<1000,1<=X<4,3,male div/sep,guarantor,2,real estate,stores,own,1,unskilled resident,2,none,no,good
46.320972738001,8775.89171291451,35.5603156487742,no checking,critical/other existing credit,used car,no known savings,>=7,3,male single,none,4,no known property,stores,for free,4,high qualif/self emp/mgmt,1,yes,yes,good
17.6583640524451,2429.78820469394,35.7359575211464,>=200,critical/other existing credit,repairs,>=1000,unemployed,1,male single,guarantor,2,real estate,stores,own,3,unemp/unskilled non res,2,none,no,good
16.1600594919172,2098.05301854039,35.7451389959131,>=200,existing paid,domestic appliance,500<=X<1000,<1,1,male div/sep,co applicant,1,real estate,none,rent,1,unemp/unskilled non res,1,none,yes,bad
11.0377605690647,963.939947358227,35.7765279802003,no checking,delayed previously,retraining,>=1000,4<=X<7,4,male mar/wid,none,3,car,stores,own,4,skilled,1,yes,yes,good
21.857101546238,3359.41826843912,35.7102280377243,>=200,no credits/all paid,used car,no known savings,>=7,3,male single,none,4,no known property,bank,for free,3,high qualif/self emp/mgmt,2,yes,no,good
19.1113983879931,2751.50024408108,35.7270534582219,<0,all paid,domestic appliance,100<=X<500,<1,1,female div/dep/mar,co applicant,1,life insurance,stores,rent,1,unemp/unskilled non res,1,none,yes,bad
43.7000110528156,8195.59232957021,35.5763766648126,no checking,delayed previously,business,>=1000,4<=X<7,3,male single,none,3,car,stores,own,4,high qualif/self emp/mgmt,2,yes,no,good
26.116825027056,4302.55105939444,35.6841248376922,no checking,delayed previously,retraining,>=1000,4<=X<7,4,male mar/wid,none,3,car,stores,own,4,high qualif/self emp/mgmt,1,yes,yes,good
22.3694932131727,3472.86539360451,35.7070881479551,0<=X<200,no credits/all paid,domestic appliance,100<=X<500,<1,4,male mar/wid,none,3,car,stores,rent,1,skilled,1,none,yes,bad
7.39500155870435,157.407437046293,35.7988504777859,<0,all paid,domestic appliance,500<=X<1000,<1,1,female div/dep/mar,co applicant,1,life insurance,bank,rent,1,unemp/unskilled non res,1,none,yes,bad
9.13643477343048,542.973020226251,35.7881791326267,no checking,critical/other existing credit,other,>=1000,unemployed,4,male single,co applicant,3,no known property,stores,for free,3,unemp/unskilled non res,2,yes,yes,good
11.6734610924729,1104.68852213159,35.7726324649168,0<=X<200,no credits/all paid,business,100<=X<500,1<=X<4,3,male single,guarantor,2,life insurance,stores,own,1,unskilled resident,2,none,no,bad
14.1531910746734,1653.71821137311,35.7574369039743,no checking,critical/other existing credit,other,>=1000,unemployed,4,male single,co applicant,4,no known property,none,for free,3,unemp/unskilled non res,1,yes,yes,good
26.4530700184677,4376.99806954026,35.6820643588114,<0,critical/other existing credit,domestic appliance,500<=X<1000,unemployed,4,female div/dep/mar,co applicant,4,car,none,rent,4,high qualif/self emp/mgmt,1,yes,yes,good
13.0291150873931,1404.83986800093,35.7643251399078,no checking,delayed previously,retraining,>=1000,4<=X<7,4,male mar/wid,guarantor,3,car,stores,own,4,skilled,1,yes,yes,good
14.3165918940582,1689.89630404151,35.7564355985391,>=200,all paid,retraining,500<=X<1000,<1,1,male mar/wid,guarantor,1,real estate,stores,own,1,unskilled resident,2,none,no,bad
35.6039223716515,6403.0612537686,35.6259887636432,0<=X<200,all paid,other,100<=X<500,unemployed,2,male single,co applicant,4,no known property,bank,for free,4,high qualif/self emp/mgmt,2,yes,yes,bad
9.16339138469228,548.941403885078,35.7880139449522,no checking,critical/other existing credit,domestic appliance,500<=X<1000,<1,1,male mar/wid,guarantor,1,real estate,none,own,2,unemp/unskilled non res,1,none,no,good
9.35431285059014,591.212761590898,35.7868439954854,no checking,critical/other existing credit,used car,no known savings,>=7,3,male single,none,4,no known property,stores,for free,3,high qualif/self emp/mgmt,2,yes,no,good
22.4232536190751,3484.76832624555,35.7067587090525,<0,all paid,domestic appliance,500<=X<1000,<1,1,female div/dep/mar,co applicant,1,life insurance,none,rent,1,unemp/unskilled non res,1,none,no,bad
33.7266073533152,5987.41048190068,35.6374927801991,>=200,no credits/all paid,used car,no known savings,>=7,3,male single,none,4,no known property,bank,for free,3,high qualif/self emp/mgmt,2,yes,no,good
18.0819955760481,2523.58320875734,35.7333615455038,0<=X<200,all paid,other,100<=X<500,unemployed,2,male single,co applicant,3,no known property,bank,for free,3,high qualif/self emp/mgmt,2,yes,no,bad
16.1705052372937,2100.36578016328,35.7450749853307,no checking,critical/other existing credit,used car,no known savings,>=7,3,male single,none,2,real estate,none,for free,4,skilled,2,yes,no,good
16.9412537319433,2271.0149272633,35.7403519082998,>=200,existing paid,education,500<=X<1000,>=7,3,male div/sep,none,4,no known property,bank,for free,1,high qualif/self emp/mgmt,1,yes,yes,bad
7.71305661435428,227.827067255472,35.7969014651853,no checking,critical/other existing credit,repairs,>=1000,unemployed,1,male mar/wid,guarantor,3,real estate,stores,own,3,unemp/unskilled non res,2,none,no,good
37.4774647801582,6817.87674323993,35.614507865299,<0,critical/other existing credit,domestic appliance,<100,unemployed,1,female div/dep/mar,co applicant,1,car,none,rent,4,unemp/unskilled non res,1,yes,yes,bad
7.81973381938986,251.446152055128,35.796247756926,>=200,all paid,repairs,no known savings,1<=X<4,1,male single,guarantor,1,real estate,bank,for free,3,unemp/unskilled non res,2,none,no,good
26.4890750510654,4384.96983743441,35.6818437232297,0<=X<200,delayed previously,business,100<=X<500,1<=X<4,3,male single,guarantor,3,life insurance,stores,own,2,unskilled resident,2,none,no,bad
16.808326993118,2241.58401073891,35.7411664713269,0<=X<200,all paid,domestic appliance,100<=X<500,unemployed,2,male mar/wid,co applicant,3,life insurance,stores,rent,4,high qualif/self emp/mgmt,1,yes,yes,bad
19.0882496791063,2746.37495683703,35.7271953114152,>=200,all paid,domestic appliance,500<=X<1000,<1,1,male div/sep,guarantor,1,real estate,bank,rent,1,unemp/unskilled non res,1,none,no,bad
20.494264134707,3057.67646352066,35.7185793820602,no checking,critical/other existing credit,domestic appliance,500<=X<1000,>=7,4,female div/dep/mar,co applicant,4,car,none,for free,4,high qualif/self emp/mgmt,1,yes,yes,good
12.8475053270252,1364.63018750598,35.7654380280856,>=200,existing paid,domestic appliance,500<=X<1000,<1,1,female div/dep/mar,guarantor,1,real estate,none,rent,1,unemp/unskilled non res,1,none,no,bad
19.8529162223437,2915.67751704339,35.7225095040322,no checking,critical/other existing credit,other,no known savings,>=7,3,male single,none,4,no known property,bank,for free,3,high qualif/self emp/mgmt,2,yes,yes,good
32.6966410496984,5759.36868555068,35.6438043205069,<0,existing paid,domestic appliance,500<=X<1000,<1,1,male div/sep,none,4,no known property,bank,for free,1,high qualif/self emp/mgmt,1,yes,yes,bad
19.9049975583696,2927.20869178373,35.7221903543178,no checking,critical/other existing credit,domestic appliance,500<=X<1000,>=7,4,male mar/wid,co applicant,4,car,none,own,4,high qualif/self emp/mgmt,1,yes,yes,good
10.2631943976397,792.445539722309,35.781274451609,>=200,no credits/all paid,education,no known savings,1<=X<4,3,male single,guarantor,2,no known property,bank,for free,3,unskilled resident,2,none,no,bad
13.8753493110669,1592.20208734907,35.75913949316,0<=X<200,all paid,retraining,100<=X<500,<1,1,male mar/wid,guarantor,3,life insurance,stores,own,2,unskilled resident,1,none,no,bad
23.3918333940595,3699.21871265151,35.7008233398373,0<=X<200,all paid,education,100<=X<500,<1,2,male div/sep,co applicant,3,no known property,bank,rent,1,high qualif/self emp/mgmt,1,none,yes,bad
16.7116696582433,2220.18339578886,35.7417587787285,0<=X<200,all paid,repairs,100<=X<500,unemployed,1,male mar/wid,guarantor,3,real estate,stores,own,3,unemp/unskilled non res,2,none,no,bad
25.9783765670133,4271.8975948887,35.6849732373273,0<=X<200,delayed previously,other,100<=X<500,4<=X<7,3,male single,none,3,car,stores,for free,4,high qualif/self emp/mgmt,2,yes,yes,bad
21.1700511952619,3207.30048005194,35.7144382201045,no checking,critical/other existing credit,radio/tv,no known savings,>=7,3,male mar/wid,none,2,car,stores,own,2,skilled,1,yes,no,good
36.3127512563573,6560.00096296633,35.621645124379,no checking,delayed previously,radio/tv,>=1000,4<=X<7,3,male mar/wid,none,3,car,stores,own,4,skilled,2,yes,yes,good
42.619531471897,7956.36653772931,35.5829977459129,0<=X<200,existing paid,domestic appliance,500<=X<1000,<1,1,male div/sep,none,1,car,none,rent,1,skilled,1,none,yes,bad
31.7798451211595,5556.38360759597,35.649422362997,no checking,critical/other existing credit,retraining,>=1000,4<=X<7,4,male mar/wid,co applicant,3,car,stores,own,2,skilled,1,yes,yes,good
12.7073881150859,1333.60724957298,35.7662966536813,>=200,all paid,domestic appliance,500<=X<1000,<1,1,male div/sep,guarantor,1,real estate,bank,rent,1,unskilled resident,1,none,no,bad
10.3137255930039,803.633502398466,35.7809648010163,no checking,critical/other existing credit,radio/tv,no known savings,>=7,3,male mar/wid,none,2,car,stores,own,2,skilled,1,yes,yes,good
17.175779747865,2322.94063956455,35.7389147540962,no checking,critical/other existing credit,domestic appliance,100<=X<500,unemployed,4,male mar/wid,co applicant,3,car,stores,own,4,unemp/unskilled non res,1,yes,yes,bad
27.7403009154218,4662.00005943823,35.6741763243552,<0,all paid,domestic appliance,100<=X<500,unemployed,1,male mar/wid,co applicant,3,life insurance,stores,rent,4,unemp/unskilled non res,1,none,yes,bad
11.0078467187002,957.316810126529,35.7767112895684,>=200,existing paid,domestic appliance,500<=X<1000,<1,1,male div/sep,guarantor,1,real estate,none,rent,1,skilled,1,none,no,good
14.1610880816799,1655.46666436348,35.75738851183,>=200,critical/other existing credit,repairs,>=1000,unemployed,1,male single,guarantor,2,real estate,stores,own,3,unemp/unskilled non res,2,none,no,good
12.3008457901621,1243.59591450079,35.7687879082608,>=200,existing paid,domestic appliance,500<=X<1000,<1,1,male div/sep,guarantor,1,real estate,none,rent,1,unskilled resident,2,none,no,bad
15.0544644170555,1853.26647938678,35.7519139824876,<0,all paid,domestic appliance,500<=X<1000,<1,1,male mar/wid,co applicant,1,life insurance,stores,rent,1,unemp/unskilled non res,1,none,yes,bad
19.760074933506,2895.12180157226,35.7230784270491,0<=X<200,delayed previously,other,100<=X<500,4<=X<7,4,male mar/wid,co applicant,3,car,stores,own,4,high qualif/self emp/mgmt,1,yes,yes,good
18.3961056564463,2593.12939365108,35.7314367073546,0<=X<200,all paid,other,100<=X<500,unemployed,2,male single,co applicant,3,no known property,stores,for free,4,high qualif/self emp/mgmt,2,yes,yes,bad
18.6239938293664,2643.58544074422,35.7300402292523,0<=X<200,delayed previously,other,100<=X<500,4<=X<7,2,male mar/wid,guarantor,3,life insurance,stores,own,2,unskilled resident,2,yes,no,bad
24.077767079672,3851.0892634596,35.6966200002814,>=200,no credits/all paid,other,no known savings,>=7,3,male single,none,4,no known property,bank,for free,3,high qualif/self emp/mgmt,2,yes,no,bad
12.0705341875668,1192.60330300305,35.7701992369208,>=200,existing paid,domestic appliance,500<=X<1000,<1,1,female div/dep/mar,guarantor,1,real estate,none,rent,1,unemp/unskilled non res,1,none,no,bad
21.7734441208745,3340.89592504699,35.7107406828568,0<=X<200,all paid,education,100<=X<500,<1,2,male div/sep,none,3,life insurance,bank,rent,1,skilled,1,none,yes,bad
27.329235466989,4570.98727295303,35.6766952962262,<0,all paid,other,<100,unemployed,1,male div/sep,co applicant,4,no known property,bank,for free,1,high qualif/self emp/mgmt,1,yes,yes,bad
11.1023808313775,978.247328722703,35.7761319930802,>=200,all paid,education,<100,>=7,1,male div/sep,guarantor,4,no known property,bank,for free,3,unemp/unskilled non res,2,none,no,bad
21.4447905032269,3268.12969853831,35.7127546424862,>=200,existing paid,domestic appliance,500<=X<1000,<1,1,male div/sep,guarantor,1,real estate,none,rent,1,skilled,1,none,yes,bad
23.5886845383279,3742.80294292669,35.6996170538381,>=200,all paid,domestic appliance,<100,<1,1,male div/sep,guarantor,1,no known property,bank,rent,3,unemp/unskilled non res,2,none,no,bad
10.7446692778958,899.047470489804,35.778324017111,>=200,existing paid,radio/tv,500<=X<1000,1<=X<4,1,male div/sep,guarantor,1,real estate,none,own,1,unskilled resident,2,none,no,good
22.1173222915192,3417.0329748553,35.7086334285443,0<=X<200,delayed previously,other,100<=X<500,4<=X<7,4,male mar/wid,co applicant,3,car,stores,own,4,high qualif/self emp/mgmt,2,yes,yes,bad
15.313544065987,1910.62853903146,35.7503263658428,no checking,existing paid,radio/tv,no known savings,>=7,3,male mar/wid,none,2,real estate,none,own,1,skilled,1,yes,no,good
11.102519350456,978.277997822646,35.7761311442479,>=200,existing paid,radio/tv,500<=X<1000,1<=X<4,3,male div/sep,guarantor,2,real estate,bank,own,1,unskilled resident,2,none,no,good
23.6324256176489,3752.48752607045,35.6993490124621,>=200,existing paid,domestic appliance,500<=X<1000,<1,1,male div/sep,guarantor,1,car,none,rent,1,skilled,1,none,yes,good
18.4380229929316,2602.41018728167,35.7311798417097,<0,all paid,domestic appliance,100<=X<500,<1,1,male div/sep,co applicant,1,life insurance,bank,rent,1,skilled,1,none,yes,bad
34.2436521601325,6101.88784502025,35.6343243764098,0<=X<200,delayed previously,other,100<=X<500,4<=X<7,2,male single,none,3,life insurance,stores,own,4,high qualif/self emp/mgmt,2,yes,no,bad
39.3903513557942,7241.40330851691,35.6027858694588,0<=X<200,delayed previously,other,100<=X<500,4<=X<7,4,male mar/wid,none,3,car,stores,own,4,high qualif/self emp/mgmt,1,yes,yes,bad
44.1789295946191,8301.62826899336,35.5734418953253,<0,all paid,other,<100,>=7,2,male div/sep,co applicant,4,no known property,bank,for free,4,high qualif/self emp/mgmt,2,yes,yes,bad
13.6780722915829,1548.5235653006,35.760348388884,0<=X<200,all paid,retraining,100<=X<500,<1,2,male div/sep,guarantor,1,life insurance,bank,rent,1,unskilled resident,2,none,no,bad
20.5134602682596,3061.92662273745,35.7184617498909,<0,all paid,domestic appliance,<100,unemployed,1,female div/dep/mar,co applicant,1,real estate,none,rent,3,unemp/unskilled non res,1,none,no,bad
11.3305625143153,1028.7683610017,35.7747337163751,>=200,all paid,education,100<=X<500,1<=X<4,2,male single,guarantor,2,no known property,bank,for free,3,unskilled resident,2,none,no,bad
27.8996044865132,4697.2709924669,35.6732001264868,0<=X<200,all paid,retraining,100<=X<500,4<=X<7,2,male mar/wid,guarantor,3,life insurance,stores,own,4,unskilled resident,1,none,yes,bad
12.3124158009848,1246.15759641458,35.7687170082814,>=200,existing paid,domestic appliance,500<=X<1000,<1,1,male div/sep,guarantor,1,real estate,none,rent,1,unskilled resident,1,none,no,good
11.4160844008244,1047.70350922771,35.7742096459934,0<=X<200,no credits/all paid,retraining,100<=X<500,<1,3,male mar/wid,guarantor,3,life insurance,stores,rent,1,unskilled resident,1,none,yes,bad
18.8569615609643,2695.16613791714,35.7286126240741,no checking,critical/other existing credit,radio/tv,no known savings,>=7,3,male mar/wid,guarantor,2,real estate,none,own,2,skilled,1,yes,no,good
8.71522161278107,449.713458759574,35.79076028876,0<=X<200,delayed previously,other,100<=X<500,unemployed,2,male mar/wid,co applicant,3,life insurance,stores,own,4,unemp/unskilled non res,1,yes,yes,bad
8.65975770601624,437.433359025412,35.7911001665617,>=200,existing paid,new car,500<=X<1000,<1,1,male div/sep,guarantor,1,real estate,bank,rent,3,unemp/unskilled non res,2,none,no,good
35.522824002638,6385.10550348245,35.62648572711,>=200,all paid,retraining,100<=X<500,<1,1,male mar/wid,guarantor,1,real estate,stores,rent,1,unskilled resident,2,none,no,bad
20.2535180073375,3004.37357472044,35.7200546525439,<0,critical/other existing credit,other,<100,unemployed,1,female div/dep/mar,co applicant,4,no known property,none,for free,3,unemp/unskilled non res,1,yes,yes,bad
11.0764226332874,972.500000774522,35.7762910625692,no checking,critical/other existing credit,retraining,500<=X<1000,4<=X<7,1,male mar/wid,guarantor,1,real estate,none,own,2,unskilled resident,1,none,no,good
20.6346641796411,3088.76202267144,35.7177190232895,>=200,existing paid,furniture/equipment,500<=X<1000,<1,1,male div/sep,guarantor,1,no known property,bank,for free,1,unskilled resident,2,none,no,good
14.4840932232133,1726.9822784636,35.7554091655511,>=200,existing paid,used car,no known savings,>=7,3,male single,none,4,no known property,bank,for free,1,high qualif/self emp/mgmt,2,yes,yes,good
14.1888975305318,1661.62387227352,35.7572180980438,no checking,delayed previously,retraining,>=1000,4<=X<7,4,male mar/wid,guarantor,3,car,stores,own,2,unskilled resident,1,none,yes,good
27.8253887830533,4680.83911282681,35.6736549136018,0<=X<200,no credits/all paid,other,100<=X<500,>=7,2,male single,none,4,no known property,bank,for free,4,high qualif/self emp/mgmt,2,yes,yes,bad
17.601218542443,2417.13578615514,35.7363077036606,>=200,all paid,repairs,100<=X<500,1<=X<4,3,male single,guarantor,2,real estate,stores,own,3,unskilled resident,2,none,no,bad
16.818065117443,2243.74010007538,35.7411067969822,>=200,all paid,repairs,100<=X<500,1<=X<4,1,male mar/wid,guarantor,2,real estate,stores,own,3,unskilled resident,2,none,no,bad
21.9042496272839,3369.85718576913,35.70993911855,0<=X<200,existing paid,retraining,500<=X<1000,<1,3,male mar/wid,guarantor,1,life insurance,stores,rent,1,skilled,1,none,yes,bad
16.9629616805822,2275.82122003744,35.7402188839548,>=200,critical/other existing credit,repairs,>=1000,unemployed,1,male single,guarantor,1,real estate,stores,own,3,unemp/unskilled non res,2,none,no,good
20.5257455002163,3064.64665964947,35.7183864671011,no checking,critical/other existing credit,radio/tv,no known savings,4<=X<7,3,male mar/wid,none,2,car,stores,own,4,skilled,1,yes,yes,good
9.08647466982058,531.911501288177,35.7884852836208,>=200,existing paid,used car,500<=X<1000,>=7,3,male div/sep,none,4,no known property,none,for free,1,skilled,1,yes,yes,good
16.4453984490389,2161.22907403093,35.7433904646039,no checking,critical/other existing credit,radio/tv,>=1000,4<=X<7,3,male mar/wid,guarantor,3,real estate,stores,own,2,skilled,1,yes,no,good
23.9785713244072,3829.12662435048,35.6972278628935,0<=X<200,delayed previously,business,100<=X<500,4<=X<7,2,male mar/wid,none,3,life insurance,stores,own,4,high qualif/self emp/mgmt,2,yes,yes,bad
9.04937034634214,523.696342647877,35.7887126555575,<0,all paid,other,<100,unemployed,2,male div/sep,co applicant,4,no known property,bank,for free,1,high qualif/self emp/mgmt,2,yes,yes,bad
10.4466523318292,833.06441892286,35.7801502379892,>=200,critical/other existing credit,repairs,>=1000,unemployed,1,male mar/wid,guarantor,1,real estate,none,own,3,unemp/unskilled non res,2,none,no,good
65.0453346267429,12921.5973594217,35.4455744534701,0<=X<200,no credits/all paid,other,100<=X<500,>=7,2,male single,none,4,no known property,bank,for free,4,high qualif/self emp/mgmt,2,yes,yes,bad
15.7533904120967,2008.01361904099,35.7476310272351,>=200,existing paid,used car,no known savings,>=7,3,male single,none,4,no known property,bank,for free,4,high qualif/self emp/mgmt,2,yes,yes,good
10.866732539791,926.073136682169,35.7775760244875,0<=X<200,no credits/all paid,business,100<=X<500,4<=X<7,2,male mar/wid,none,3,life insurance,stores,for free,4,high qualif/self emp/mgmt,2,yes,yes,bad
12.1533842013289,1210.94687977792,35.7696915395335,>=200,all paid,domestic appliance,500<=X<1000,<1,1,male div/sep,guarantor,1,real estate,bank,rent,1,unemp/unskilled non res,2,none,no,bad
22.694474914163,3544.81863189442,35.7050966894988,>=200,existing paid,domestic appliance,500<=X<1000,<1,1,male div/sep,guarantor,1,real estate,bank,rent,1,unskilled resident,1,none,no,bad
6.88953599353068,45.4937996093117,35.8019479250301,>=200,delayed previously,repairs,>=1000,1<=X<4,3,male single,guarantor,2,real estate,stores,own,3,unskilled resident,2,none,no,good
13.7776955528018,1570.58085723998,35.7597379065541,no checking,critical/other existing credit,retraining,>=1000,4<=X<7,3,male mar/wid,guarantor,3,real estate,stores,own,2,unskilled resident,1,none,no,good
41.7564878055986,7765.2825893515,35.5882863994039,0<=X<200,all paid,other,100<=X<500,unemployed,2,male div/sep,co applicant,3,no known property,bank,for free,1,high qualif/self emp/mgmt,1,yes,yes,bad
21.2459714867432,3224.1097674898,35.7139729874283,no checking,existing paid,used car,500<=X<1000,>=7,3,male div/sep,none,4,car,none,for free,4,high qualif/self emp/mgmt,1,yes,yes,good
12.969122805861,1391.55715418819,35.7646927671803,>=200,critical/other existing credit,repairs,<100,<1,1,female div/dep/mar,guarantor,1,real estate,none,own,3,unemp/unskilled non res,2,none,no,good
30.3753900370415,5245.42735674532,35.6580287366647,<0,all paid,domestic appliance,<100,unemployed,1,female div/dep/mar,co applicant,1,no known property,bank,rent,3,unemp/unskilled non res,2,none,no,bad
22.2347172133667,3443.02503766986,35.7079140430862,>=200,no credits/all paid,business,100<=X<500,1<=X<4,3,male single,guarantor,2,no known property,bank,for free,3,unskilled resident,2,none,no,bad
21.5768383427377,3297.36602056208,35.7119454652746,no checking,delayed previously,other,>=1000,unemployed,2,male single,co applicant,3,no known property,stores,for free,3,unemp/unskilled non res,2,yes,yes,good
10.7500416184752,900.236944545434,35.778291095894,0<=X<200,all paid,business,100<=X<500,1<=X<4,3,male single,guarantor,2,life insurance,stores,own,1,unskilled resident,2,none,no,bad
54.8767653657741,10670.2044813849,35.5078865257569,no checking,critical/other existing credit,other,>=1000,unemployed,4,male mar/wid,co applicant,3,car,stores,for free,4,high qualif/self emp/mgmt,1,yes,yes,good
13.9251622083568,1603.23101377073,35.758834244233,>=200,all paid,repairs,100<=X<500,unemployed,1,male mar/wid,guarantor,3,real estate,stores,own,3,unemp/unskilled non res,2,none,no,bad
25.7239560273086,4215.56709485304,35.6865323033724,no checking,existing paid,radio/tv,no known savings,>=7,3,male mar/wid,none,2,car,none,own,4,skilled,1,yes,yes,good
7.26544924695588,128.723642451582,35.7996443626292,<0,existing paid,domestic appliance,500<=X<1000,<1,1,male div/sep,co applicant,1,no known property,bank,rent,1,skilled,1,none,yes,bad
11.2828764597426,1018.21033254251,35.7750259322025,0<=X<200,all paid,retraining,100<=X<500,<1,2,male div/sep,guarantor,1,life insurance,bank,rent,1,unskilled resident,1,none,no,bad
31.4088732663764,5474.24782522817,35.6516956449542,no checking,critical/other existing credit,retraining,>=1000,4<=X<7,4,male mar/wid,co applicant,3,car,stores,own,2,skilled,1,yes,yes,good
18.2572573829124,2562.38740762146,35.7322875570106,<0,all paid,domestic appliance,500<=X<1000,<1,1,male div/sep,co applicant,4,no known property,bank,for free,1,high qualif/self emp/mgmt,1,none,yes,bad
13.7020646072389,1553.83563302707,35.7602013661447,>=200,critical/other existing credit,used car,no known savings,>=7,3,male single,none,4,no known property,bank,for free,3,high qualif/self emp/mgmt,2,yes,no,good
10.905259705455,934.603322607113,35.7773399335026,0<=X<200,delayed previously,other,100<=X<500,unemployed,4,male mar/wid,co applicant,3,life insurance,stores,own,2,unemp/unskilled non res,1,yes,yes,bad
42.4906569144193,7927.83280270531,35.5837874775393,<0,critical/other existing credit,other,no known savings,>=7,3,male single,none,4,no known property,bank,for free,3,high qualif/self emp/mgmt,2,yes,yes,good
39.5887531843038,7285.3308712086,35.6015700810069,0<=X<200,all paid,other,100<=X<500,unemployed,2,male single,co applicant,4,no known property,bank,for free,4,high qualif/self emp/mgmt,2,yes,yes,bad
12.5860064125178,1306.73248541763,35.7670404697709,>=200,critical/other existing credit,other,<100,unemployed,1,male single,co applicant,4,no known property,none,for free,3,unemp/unskilled non res,2,yes,no,bad
20.983900936902,3166.08550131104,35.7155789320432,<0,critical/other existing credit,other,<100,unemployed,1,female div/dep/mar,co applicant,4,no known property,none,rent,3,unemp/unskilled non res,1,yes,yes,bad
12.5415745430487,1296.89495646807,35.7673127442464,0<=X<200,all paid,retraining,100<=X<500,1<=X<4,3,male mar/wid,guarantor,3,life insurance,stores,own,1,unskilled resident,2,none,no,bad
11.2715876511763,1015.71091078952,35.7750951089999,0<=X<200,all paid,retraining,100<=X<500,<1,2,male div/sep,guarantor,1,life insurance,bank,rent,1,unskilled resident,2,none,no,bad
27.8679641505021,4690.26559914894,35.6733940156027,<0,critical/other existing credit,other,<100,unemployed,1,female div/dep/mar,co applicant,4,no known property,none,for free,3,unemp/unskilled non res,1,yes,yes,good
16.7280363947488,2223.80710656465,35.7416584848482,0<=X<200,delayed previously,business,100<=X<500,1<=X<4,3,male single,guarantor,2,life insurance,stores,own,4,unskilled resident,2,none,no,good
20.3693863168869,3030.02763481628,35.7193446220278,no checking,existing paid,used car,500<=X<1000,>=7,3,male div/sep,none,4,car,none,own,1,skilled,1,yes,yes,good
29.5800689041606,5069.33765441195,35.6629023925991,no checking,critical/other existing credit,used car,no known savings,>=7,3,male single,none,4,no known property,bank,for free,4,high qualif/self emp/mgmt,2,yes,yes,good
22.2692999473584,3450.68189863169,35.7077021232217,no checking,existing paid,used car,500<=X<1000,>=7,3,male div/sep,none,4,no known property,none,for free,4,high qualif/self emp/mgmt,1,yes,yes,good
13.0821673286645,1416.58600800323,35.7640000405739,<0,existing paid,domestic appliance,500<=X<1000,<1,1,female div/dep/mar,co applicant,1,car,none,rent,1,skilled,1,none,yes,bad
29.2518324744871,4996.66379626008,35.6649137957383,>=200,no credits/all paid,used car,no known savings,>=7,3,male single,none,4,no known property,bank,for free,3,high qualif/self emp/mgmt,2,yes,yes,good
12.2276091356097,1227.3808031868,35.7692366958528,<0,critical/other existing credit,domestic appliance,500<=X<1000,unemployed,1,female div/dep/mar,co applicant,1,real estate,none,rent,3,unemp/unskilled non res,1,none,yes,good
18.8902661257297,2702.5400032068,35.728408536715,>=200,critical/other existing credit,other,no known savings,>=7,3,male single,none,4,no known property,bank,for free,3,high qualif/self emp/mgmt,2,yes,no,good
23.0267769201043,3618.39263727641,35.7030603728761,<0,critical/other existing credit,domestic appliance,500<=X<1000,unemployed,1,female div/dep/mar,co applicant,1,car,none,rent,3,unemp/unskilled non res,1,yes,yes,good
26.2508483388647,4332.22476490335,35.6833035549651,<0,all paid,repairs,<100,unemployed,1,female div/dep/mar,co applicant,1,real estate,none,rent,3,unemp/unskilled non res,2,none,no,bad
45.2419002555235,8536.9774625823,35.5669281073025,<0,all paid,other,100<=X<500,unemployed,2,male single,co applicant,4,no known property,bank,for free,3,unemp/unskilled non res,2,yes,yes,bad
14.8889483345987,1816.62005257095,35.7529282500635,<0,all paid,repairs,<100,unemployed,1,female div/dep/mar,co applicant,1,life insurance,none,rent,3,unemp/unskilled non res,2,none,no,bad
36.1881484869129,6532.41303191023,35.622408678875,<0,all paid,other,<100,unemployed,2,male single,co applicant,4,no known property,bank,for free,3,unemp/unskilled non res,2,yes,no,bad
38.0654548180078,6948.06188036167,35.6109047155537,0<=X<200,all paid,retraining,100<=X<500,<1,2,male mar/wid,guarantor,3,life insurance,stores,rent,1,unskilled resident,1,none,no,bad
9.88883997211769,709.560832360689,35.7835684616536,no checking,critical/other existing credit,domestic appliance,500<=X<1000,4<=X<7,4,male mar/wid,co applicant,3,car,none,own,4,unemp/unskilled non res,1,yes,yes,good
57.1228037080012,11167.4931950388,35.4941230060377,<0,all paid,other,<100,unemployed,1,female div/dep/mar,co applicant,3,no known property,none,for free,3,unemp/unskilled non res,1,yes,yes,bad
11.856910339421,1145.30547791567,35.7715083045316,no checking,delayed previously,retraining,>=1000,4<=X<7,3,male mar/wid,guarantor,2,real estate,stores,own,2,unskilled resident,1,none,no,good
16.1902621446207,2104.74009864471,35.7449539167903,>=200,existing paid,domestic appliance,500<=X<1000,<1,1,male div/sep,guarantor,1,real estate,none,rent,1,unskilled resident,1,none,no,good
27.4510180702073,4597.95079933691,35.6759490234537,>=200,all paid,education,100<=X<500,1<=X<4,2,male div/sep,guarantor,2,no known property,bank,for free,1,unskilled resident,2,none,no,bad
8.95623464486438,503.075442143926,35.7892833827084,>=200,critical/other existing credit,repairs,>=1000,unemployed,1,male single,co applicant,1,real estate,none,own,3,unemp/unskilled non res,2,none,no,good
20.8800601854164,3143.09442731187,35.7162152587718,no checking,critical/other existing credit,domestic appliance,>=1000,4<=X<7,4,male mar/wid,co applicant,3,car,none,own,4,high qualif/self emp/mgmt,1,yes,yes,good
40.1269359351646,7404.48832406888,35.5982721458093,>=200,no credits/all paid,used car,no known savings,>=7,3,male div/sep,none,4,no known property,bank,for free,3,high qualif/self emp/mgmt,2,yes,yes,bad
20.6792651530553,3098.6369924259,35.7174457125604,no checking,delayed previously,business,>=1000,4<=X<7,3,male single,none,3,car,stores,own,4,high qualif/self emp/mgmt,2,yes,no,good
15.1301116499423,1870.01530972798,35.7514504230897,<0,all paid,domestic appliance,100<=X<500,<1,1,female div/dep/mar,co applicant,1,life insurance,none,rent,1,unemp/unskilled non res,1,none,yes,bad
33.0598687140963,5839.78984960473,35.6415784942477,0<=X<200,all paid,domestic appliance,100<=X<500,<1,1,male div/sep,guarantor,3,life insurance,stores,rent,1,skilled,1,none,yes,bad
16.7715044154754,2233.43123261174,35.7413921167506,<0,existing paid,domestic appliance,<100,unemployed,1,female div/dep/mar,co applicant,1,real estate,none,rent,3,unemp/unskilled non res,1,none,no,bad
18.8174553463929,2686.41918366609,35.7288547145822,0<=X<200,no credits/all paid,other,100<=X<500,4<=X<7,2,male single,none,3,no known property,stores,for free,4,high qualif/self emp/mgmt,2,yes,yes,bad
22.8228687550789,3573.24593288468,35.7043099036599,0<=X<200,delayed previously,retraining,100<=X<500,4<=X<7,3,male mar/wid,none,3,car,stores,own,4,high qualif/self emp/mgmt,1,yes,yes,good
24.4461999704855,3932.662901316,35.6943622768656,no checking,critical/other existing credit,used car,>=1000,>=7,3,male single,none,4,car,stores,own,4,high qualif/self emp/mgmt,1,yes,yes,good
15.9500871090054,2051.56365358258,35.7464256876754,>=200,existing paid,new car,no known savings,1<=X<4,1,male single,guarantor,2,real estate,bank,own,3,unskilled resident,2,none,no,good
28.4763127722995,4824.95827019514,35.6696661102973,no checking,critical/other existing credit,used car,>=1000,>=7,3,male single,none,2,real estate,stores,own,2,unskilled resident,2,yes,no,good
17.2655283554617,2342.81161361912,35.7383647827501,0<=X<200,delayed previously,retraining,100<=X<500,4<=X<7,3,male mar/wid,none,3,car,stores,own,4,skilled,1,yes,yes,bad
20.8529762756784,3137.09785887351,35.7163812265199,<0,existing paid,domestic appliance,500<=X<1000,<1,1,female div/dep/mar,co applicant,1,car,none,rent,1,unemp/unskilled non res,1,none,yes,bad
13.3670686463889,1479.66516704775,35.7622541910793,>=200,all paid,education,500<=X<1000,<1,1,male div/sep,guarantor,1,real estate,bank,rent,1,unskilled resident,2,none,no,bad
38.0687090031114,6948.78237987131,35.6108847742019,no checking,delayed previously,used car,no known savings,>=7,3,male single,none,2,car,stores,own,4,skilled,2,yes,no,good
38.6663087796508,7081.09518084533,35.6072227368475,no checking,delayed previously,retraining,>=1000,4<=X<7,4,male mar/wid,co applicant,3,car,stores,own,4,high qualif/self emp/mgmt,1,yes,yes,good
9.34103933890506,588.273912583984,35.7869253343639,>=200,critical/other existing credit,repairs,no known savings,1<=X<4,1,male single,guarantor,1,real estate,none,for free,3,unemp/unskilled non res,2,none,no,good
17.4699871608181,2388.08023365973,35.7371118776922,>=200,all paid,repairs,<100,<1,1,male div/sep,guarantor,1,real estate,bank,rent,3,unemp/unskilled non res,2,none,no,bad
11.081364575509,973.594181601324,35.7762607787944,<0,all paid,other,<100,>=7,2,male div/sep,co applicant,4,no known property,bank,for free,3,high qualif/self emp/mgmt,2,yes,yes,bad
23.2678022599489,3671.75734568582,35.7015833914037,no checking,critical/other existing credit,used car,>=1000,>=7,3,male single,none,2,real estate,stores,own,3,unemp/unskilled non res,2,yes,no,good
62.771187715345,12418.0852105117,35.4595102199577,0<=X<200,no credits/all paid,education,100<=X<500,4<=X<7,3,male mar/wid,none,3,life insurance,stores,own,4,high qualif/self emp/mgmt,2,yes,yes,bad
14.2370089167406,1672.27607215367,35.7569232758227,>=200,all paid,repairs,>=1000,1<=X<4,1,male single,guarantor,2,real estate,bank,own,3,unemp/unskilled non res,2,none,no,good
12.9395030090936,1384.99912249469,35.7648742746147,>=200,critical/other existing credit,radio/tv,>=1000,1<=X<4,1,male mar/wid,guarantor,2,real estate,stores,own,2,unskilled resident,2,none,no,good
44.9792917321555,8478.83408527435,35.5685373485705,no checking,critical/other existing credit,used car,no known savings,>=7,3,male single,none,4,no known property,bank,for free,3,high qualif/self emp/mgmt,2,yes,yes,good
18.2284688851529,2556.01343138532,35.7324639703198,no checking,critical/other existing credit,used car,no known savings,>=7,3,male div/sep,none,4,real estate,none,for free,1,skilled,1,yes,yes,good
22.377671966015,3474.676227108,35.7070380292978,>=200,all paid,repairs,>=1000,1<=X<4,1,male single,guarantor,1,real estate,bank,own,3,unemp/unskilled non res,2,none,no,good
15.064899844452,1855.57695653622,35.7518500351328,>=200,existing paid,radio/tv,500<=X<1000,<1,1,male div/sep,guarantor,1,real estate,bank,own,1,unskilled resident,2,none,no,good
68.9553335772352,13787.2986753442,35.4216143337137,0<=X<200,all paid,other,100<=X<500,unemployed,2,male single,co applicant,3,no known property,bank,for free,3,unemp/unskilled non res,2,none,no,bad
14.7847983293509,1793.56050760997,35.7535664718712,>=200,critical/other existing credit,repairs,no known savings,1<=X<4,1,male single,guarantor,2,real estate,none,own,3,unskilled resident,2,none,no,good
56.1263056473305,10946.8615034808,35.5002294559813,no checking,delayed previously,used car,>=1000,4<=X<7,3,male mar/wid,none,3,car,stores,own,4,high qualif/self emp/mgmt,1,yes,yes,good
30.7967131216842,5338.7112561586,35.6554469069271,<0,all paid,domestic appliance,100<=X<500,<1,1,male div/sep,co applicant,1,life insurance,bank,rent,1,unemp/unskilled non res,1,none,yes,bad
14.7595575267128,1787.97201606933,35.7537211452257,<0,existing paid,domestic appliance,500<=X<1000,unemployed,1,female div/dep/mar,co applicant,1,car,none,rent,1,unemp/unskilled non res,1,none,yes,bad
22.4874521702715,3498.98233779766,35.70636530614,no checking,critical/other existing credit,used car,no known savings,>=7,3,male div/sep,none,4,car,none,for free,4,high qualif/self emp/mgmt,1,yes,yes,good
11.6575196876035,1101.15898277675,35.7727301524033,0<=X<200,existing paid,domestic appliance,500<=X<1000,<1,1,male div/sep,co applicant,1,car,stores,rent,1,skilled,1,none,yes,bad
10.6245896319604,872.460990846714,35.7790598543154,>=200,critical/other existing credit,repairs,>=1000,1<=X<4,1,male mar/wid,guarantor,2,real estate,none,own,3,unemp/unskilled non res,2,none,no,good
12.7662259053481,1346.6343508845,35.7659361010267,>=200,existing paid,domestic appliance,500<=X<1000,<1,1,male div/sep,guarantor,1,real estate,none,rent,1,skilled,1,none,yes,bad
22.6957449397273,3545.09982450245,35.705088906897,0<=X<200,delayed previously,other,100<=X<500,4<=X<7,2,male mar/wid,co applicant,3,life insurance,stores,own,4,high qualif/self emp/mgmt,2,yes,yes,bad
20.4348552526905,3044.52291847106,35.7189434343134,<0,critical/other existing credit,other,<100,unemployed,1,male single,co applicant,3,no known property,none,for free,3,unemp/unskilled non res,2,yes,no,bad
26.2260498833028,4326.73421212197,35.6834555176568,0<=X<200,delayed previously,other,100<=X<500,unemployed,2,male mar/wid,co applicant,3,life insurance,stores,own,4,high qualif/self emp/mgmt,1,yes,yes,bad
46.1533359667077,8738.77575064874,35.5613429117394,<0,critical/other existing credit,other,100<=X<500,unemployed,4,female div/dep/mar,co applicant,3,car,none,rent,4,unemp/unskilled non res,1,yes,yes,bad
13.638565533432,1539.77649069723,35.760590482723,>=200,existing paid,domestic appliance,500<=X<1000,<1,1,female div/dep/mar,co applicant,1,real estate,none,rent,1,unemp/unskilled non res,1,none,yes,bad
26.5558022482516,4399.74370902448,35.6814348250034,no checking,critical/other existing credit,radio/tv,>=1000,>=7,3,male single,guarantor,2,real estate,stores,own,3,unskilled resident,2,yes,no,good
20.7581502837219,3116.10271614845,35.7169623116179,no checking,delayed previously,used car,no known savings,>=7,3,male mar/wid,none,2,car,stores,own,4,high qualif/self emp/mgmt,1,yes,yes,good
7.41179417042553,161.125439595365,35.7987475741808,>=200,all paid,retraining,<100,<1,1,male mar/wid,guarantor,1,real estate,stores,rent,3,unemp/unskilled non res,2,none,no,bad
22.2481457159909,3445.9982027627,35.7078317544372,>=200,existing paid,domestic appliance,500<=X<1000,<1,1,male div/sep,guarantor,1,real estate,none,rent,1,skilled,1,none,yes,good
17.722143784929,2443.90948683226,35.7355666847171,>=200,critical/other existing credit,repairs,>=1000,unemployed,1,male single,guarantor,2,real estate,stores,own,3,unemp/unskilled non res,2,none,no,good
32.0119594715878,5607.77536016534,35.6479999872614,>=200,existing paid,repairs,no known savings,1<=X<4,1,male single,guarantor,2,real estate,bank,own,3,unskilled resident,2,none,no,good
17.8025862972969,2461.72002583618,35.7350737402805,0<=X<200,delayed previously,business,>=1000,4<=X<7,3,male single,none,3,car,stores,own,4,high qualif/self emp/mgmt,2,yes,yes,good
21.0375421879901,3177.96205223668,35.7152502233104,0<=X<200,delayed previously,other,>=1000,unemployed,2,male single,guarantor,3,no known property,stores,for free,3,unemp/unskilled non res,2,yes,no,good
37.2350151519262,6764.19668734659,35.6159935746818,0<=X<200,all paid,retraining,100<=X<500,4<=X<7,2,male mar/wid,guarantor,3,life insurance,stores,rent,4,skilled,1,none,yes,bad
38.2916834698523,6998.15049779635,35.6095184068464,0<=X<200,all paid,other,100<=X<500,unemployed,2,male single,co applicant,4,no known property,bank,for free,4,high qualif/self emp/mgmt,2,yes,yes,bad
14.1132665849689,1644.8786480606,35.7576815576345,<0,critical/other existing credit,domestic appliance,<100,unemployed,1,male mar/wid,co applicant,3,car,none,rent,2,unemp/unskilled non res,1,none,yes,bad
12.9322931717154,1383.40281370154,35.7649184558457,<0,critical/other existing credit,domestic appliance,500<=X<1000,unemployed,1,female div/dep/mar,co applicant,1,real estate,none,rent,3,unemp/unskilled non res,1,none,yes,good
17.3875747864534,2369.83355333088,35.7376168932649,>=200,delayed previously,repairs,>=1000,1<=X<4,3,male single,guarantor,2,real estate,stores,own,3,unemp/unskilled non res,2,none,no,good
13.2776048615684,1459.85725476257,35.7628024170572,>=200,existing paid,domestic appliance,500<=X<1000,<1,1,male div/sep,guarantor,1,real estate,none,rent,1,unskilled resident,1,none,no,good
27.03882672559,4506.68873150383,35.6784748947147,<0,existing paid,used car,500<=X<1000,>=7,4,male div/sep,co applicant,4,no known property,bank,for free,4,high qualif/self emp/mgmt,1,yes,yes,good
